NICHE_ID,Niche Name,Sector,Sub-sector,Target Audience
FIN_BANK_MM_001,First-Time Homebuyer Advisory & Lending,Financials,Retail Banking,Individuals aged 25-35 with middle income
FIN_BANK_MM_002,Medical Professional Private Banking,Financials,Retail Banking,Physicians and Dentists with high student debt
FIN_BANK_MM_003,Expatriate Cross-Border Wealth Management,Financials,Retail Banking,US/EU Citizens living in Southeast Asia
FIN_BANK_MM_004,Gig Economy Income Smoothing Accounts,Financials,Retail Banking,Freelancers with variable monthly income
FIN_BANK_MM_005,Student Athlete NIL Financial Literacy,Financials,Retail Banking,NCAA Collegiate Athletes
FIN_BANK_MM_006,Second Citizenship Investment Banking,Financials,Retail Banking,HNWIs seeking mobility passports (Malta/St. Kitts)
FIN_BANK_MM_007,Teen Fintech Custodial Accounts (13-17),Financials,Retail Banking,Gen Z Teens and their Parents
FIN_BANK_MM_008,Non-Profit Endowment Management,Financials,Retail Banking,Small Non-Profits with $500k-$5M AUM
FIN_BANK_MM_009,Religious Institution Stewardship Funds,Financials,Retail Banking,Churches and Mosques
FIN_BANK_MM_010,Divorce Financial Transition Specialists,Financials,Retail Banking,Women in post-divorce asset allocation
FIN_INVEST_ALT_011,Fractional Art Ownership Platform,Financials,Investment & Wealth,Accredited Investors with interest in contemporary art
FIN_INVEST_ALT_012,Litigation Finance Crowdfunding,Financials,Investment & Wealth,Retail investors seeking uncorrelated returns
FIN_INVEST_ALT_013,Music Royalty Rights Acquisition,Financials,Investment & Wealth,Investors seeking cash-flow from streaming revenue
FIN_INVEST_ALT_014,Classic Car Securitization Funds,Financials,Investment & Wealth,Collectors and alternative asset managers
FIN_INVEST_ALT_015,Space Economy ETF Specialists,Financials,Investment & Wealth,Tech-forward retail investors
FIN_INVEST_ALT_016,Halal-Compliant Robo-Advisory,Financials,Investment & Wealth,Muslim Millennials in Western markets
FIN_INVEST_ALT_017,ESG Activist Shareholder Voting Advisory,Financials,Investment & Wealth,Institutional investors with ESG mandates
FIN_INVEST_ALT_018,Pre-IPO Secondary Market Matching,Financials,Investment & Wealth,Early startup employees seeking liquidity
FIN_INVEST_ALT_019,Senior Life Settlements Trading,Financials,Investment & Wealth,Institutional buyers of life insurance policies
FIN_INVEST_ALT_020,Agricultural Carbon Credit Speculation,Financials,Investment & Wealth,Commodities traders pivoting to environmental markets
FIN_INSUR_NCH_021,Pet Wellness & Hereditary Condition Plans,Financials,Insurance,Urban pet owners (Gen Z/Millennial)
FIN_INSUR_NCH_022,Drone Pilot Liability Coverage,Financials,Insurance,Commercial UAV operators and aerial photographers
FIN_INSUR_NCH_023,Event Cancellation for Micro-Weddings,Financials,Insurance,Couples planning destination elopements
FIN_INSUR_NCH_024,Parametric Earthquake Insurance (LatAm),Financials,Insurance,Mid-size businesses in seismic zones
FIN_INSUR_NCH_025,Cyber Extortion Coverage for Law Firms,Financials,Insurance,Small to Mid-Size Law Practices (SMB Law)
FIN_INSUR_NCH_026,Surrogate Pregnancy Medical Insurance,Financials,Insurance,Intended Parents via gestational carriers
FIN_INSUR_NCH_027,Private Flood Insurance for Coastal Rentals,Financials,Insurance,Airbnb Superhosts in Florida/Carolinas
FIN_INSUR_NCH_028,Clinical Trial Participant Protection,Financials,Insurance,Individuals enrolling in Phase 1 drug studies
FIN_INSUR_NCH_029,Specialty Crop Hail Insurance,Financials,Insurance,Vineyards and Orchards
FIN_INSUR_NCH_030,Esports Tournament Prize Indemnity,Financials,Insurance,Esports event organizers
FIN_FINTECH_PM_031,Embedded Payroll Infrastructure API,Financials,Fintech & Payments,SaaS Platforms serving SMBs (Vertical SaaS)
FIN_FINTECH_PM_032,Cross-Border Tuition Payment Rails,Financials,Fintech & Payments,International Students (India/China to US/UK/AUS)
FIN_FINTECH_PM_033,B2B BNPL for Wholesale Construction Materials,Financials,Fintech & Payments,General Contractors and Subcontractors
FIN_FINTECH_PM_034,Real-Time Tip Payouts for Hospitality Staff,Financials,Fintech & Payments,Restaurant Servers and Bartenders
FIN_FINTECH_PM_035,Creator Economy Royalty Splits & Payouts,Financials,Fintech & Payments,Podcast Cohosts and YouTube Collaborators
FIN_FINTECH_PM_036,Remittance Corridor: USD to M-Pesa,Financials,Fintech & Payments,Kenyan Diaspora in North America
FIN_FINTECH_PM_037,Stablecoin Yield Aggregator for Treasurers,Financials,Fintech & Payments,Crypto-Native DAOs and Web3 Startups
FIN_FINTECH_PM_038,Chargeback Mitigation for Nutraceutical DTC,Financials,Fintech & Payments,High-risk supplement e-commerce merchants
FIN_FINTECH_PM_039,Nonprofit Recurring Donation Optimization,Financials,Fintech & Payments,Charity CFOs and Development Directors
FIN_FINTECH_PM_040,K-12 School Lunch Payment System,Financials,Fintech & Payments,School District Administrators and Parents
FIN_LEND_ALT_041,Chiropractic Practice Acquisition Loans,Financials,Lending & Credit,Newly licensed Chiropractors
FIN_LEND_ALT_042,Container Home Construction Financing,Financials,Lending & Credit,Minimalist home builders in rural areas
FIN_LEND_ALT_043,Medical Residency Relocation Loans,Financials,Lending & Credit,4th Year Medical Students matching to residencies
FIN_LEND_ALT_044,Invoice Factoring for Government Contractors,Financials,Lending & Credit,Small 8(a) Certified Businesses
FIN_LEND_ALT_045,H-1B Visa Holder Personal Loans,Financials,Lending & Credit,Skilled Tech Workers on Work Visas
FIN_LEND_ALT_046,Solar Panel System Securitization,Financials,Lending & Credit,Homeowners with PPA agreements
FIN_LEND_ALT_047,Funeral Home Equipment Leasing,Financials,Lending & Credit,Independent Funeral Directors
FIN_LEND_ALT_048,Laundromat Turnaround Acquisition Debt,Financials,Lending & Credit,Immigrant entrepreneurs buying distressed assets
FIN_LEND_ALT_049,Software Engineer Income Share Agreements (ISAs),Financials,Lending & Credit,Coding Bootcamp Students
FIN_LEND_ALT_050,Marina and Boat Slip Financing,Financials,Lending & Credit,Coastal recreational boat owners
TECH_SAAS_VRT_051,AI Sales Role-Play & Coaching Platform,Technology,Vertical SaaS,Enterprise Sales Enablement Leaders
TECH_SAAS_VRT_052,Contractor Estimate & Takeoff Automation,Technology,Vertical SaaS,Residential HVAC and Roofing Companies
TECH_SAAS_VRT_053,Dental Lab Case Management & Tracking,Technology,Vertical SaaS,Dental Laboratories and Prosthodontists
TECH_SAAS_VRT_054,Church Volunteer Scheduling & Background Checks,Technology,Vertical SaaS,Megachurch Executive Pastors
TECH_SAAS_VRT_055,Property Management for Self-Storage Facilities,Technology,Vertical SaaS,Self-Storage REITs and Independent Owners
TECH_SAAS_VRT_056,Winery Direct-to-Consumer Compliance (DTC),Technology,Vertical SaaS,Winery Tasting Room Managers
TECH_SAAS_VRT_057,Landscape Architecture Plant Database & Bidding,Technology,Vertical SaaS,Commercial Landscape Architects
TECH_SAAS_VRT_058,Public Adjuster Claims Management,Technology,Vertical SaaS,Independent Insurance Adjusters
TECH_SAAS_VRT_059,Hospice & Palliative Care Scheduling,Technology,Vertical SaaS,Hospice Agency Administrators
TECH_SAAS_VRT_060,Aircraft Maintenance Tracking (Part 135),Technology,Vertical SaaS,Charter Flight Operators
TECH_SAAS_VRT_061,Paralegal Deposition Summary Automation,Technology,Vertical SaaS,Litigation Paralegals and Associates
TECH_SAAS_VRT_062,Bail Bondsman Management & Skip Tracing,Technology,Vertical SaaS,Bail Bond Agencies
TECH_SAAS_VRT_063,Water Utility Asset Management & Leak Detection,Technology,Vertical SaaS,Municipal Water District Managers
TECH_SAAS_VRT_064,Oilfield Service Truck Dispatching,Technology,Vertical SaaS,Oilfield Services Companies (Permian Basin)
TECH_SAAS_VRT_065,Med Spa Inventory & Before/After Imaging,Technology,Vertical SaaS,Medical Aestheticians and Dermatology NPs
TECH_SAAS_HZT_066,Construction Site Safety Compliance,Technology,Horizontal SaaS,Construction Site Superintendents
TECH_SAAS_HZT_067,Employee Offboarding & IT Deprovisioning,Technology,Horizontal SaaS,IT Directors and HR Operations
TECH_SAAS_HZT_068,Privacy-First Website Analytics (Cookie-less),Technology,Horizontal SaaS,Marketing Directors in EU regulated industries
TECH_SAAS_HZT_069,Meeting Transcription & Action Item Tracking,Technology,Horizontal SaaS,Remote Project Managers
TECH_SAAS_HZT_070,Contract Redlining & Version Control for Legal,Technology,Horizontal SaaS,In-House Corporate Counsel
TECH_SAAS_HZT_071,Social Media Employee Advocacy Platform,Technology,Horizontal SaaS,B2B Marketing VPs
TECH_SAAS_HZT_072,Multi-Channel E-commerce Inventory Sync,Technology,Horizontal SaaS,E-commerce Operations Managers
TECH_SAAS_HZT_073,Email Warm-Up & Deliverability Optimization,Technology,Horizontal SaaS,Sales Development Representatives (SDRs)
TECH_SAAS_HZT_074,Expense Policy Violation Detection AI,Technology,Horizontal SaaS,Finance Controllers and Auditors
TECH_SAAS_HZT_075,Internal Developer Portal (IDP) for Microservices,Technology,Horizontal SaaS,Platform Engineering Teams
TECH_AI_ML_076,Automated RFP Response Generator,Technology,AI & Machine Learning,Sales and Proposal Writers
TECH_AI_ML_077,AI Interior Design Visualization & Product Linking,Technology,AI & Machine Learning,Interior Designers and Home Stagers
TECH_AI_ML_078,Proprietary Trading Signal from Alternative Data,Technology,AI & Machine Learning,Quantitative Hedge Funds
TECH_AI_ML_079,Patient Intake & Prior Authorization Automation,Technology,AI & Machine Learning,Primary Care Practice Managers
TECH_AI_ML_080,Generative AI for Personalized Children's Books,Technology,AI & Machine Learning,Parents of children aged 2-8
TECH_AI_ML_081,Predictive Maintenance for CNC Machines,Technology,AI & Machine Learning,Precision Manufacturing Plant Managers
TECH_AI_ML_082,Code Migration Assistant (Legacy to Modern),Technology,AI & Machine Learning,CTOs of mid-size non-tech companies
TECH_AI_ML_083,AI Grant Writer for Non-Profits,Technology,AI & Machine Learning,Small non-profit executive directors
TECH_AI_ML_084,Synthetic Data Generation for Computer Vision,Technology,AI & Machine Learning,Autonomous Robotics Engineers
TECH_AI_ML_085,AI Nutritionist & Meal Planning API,Technology,AI & Machine Learning,Fitness App Developers
TECH_CYBER_MS_086,Managed Detection & Response for K-12 Schools,Technology,Cybersecurity,K-12 IT Directors (Vulnerable Sector)
TECH_CYBER_MS_087,Smart Contract Audit & Formal Verification,Technology,Cybersecurity,DeFi Protocol Founders
TECH_CYBER_MS_088,Identity Threat Detection for Active Directory,Technology,Cybersecurity,Enterprise IT Security Architects
TECH_CYBER_MS_089,Ransomware Negotiation & Bitcoin Recovery,Technology,Cybersecurity,Chief Information Security Officers (CISOs)
TECH_CYBER_MS_090,Connected Car API Security Pen Testing,Technology,Cybersecurity,Automotive OEM Connectivity Teams
TECH_CYBER_MS_091,Medical IoT (IoMT) Device Vulnerability Scanner,Technology,Cybersecurity,Hospital Biomedical Engineers
TECH_CYBER_MS_092,Vendor Risk Management for Law Firms,Technology,Cybersecurity,Law Firm Managing Partners
TECH_CYBER_MS_093,Cloud Misconfiguration Remediation (IaC Scanning),Technology,Cybersecurity,DevSecOps Engineers
TECH_CYBER_MS_094,Deepfake Detection for Financial Institutions,Technology,Cybersecurity,Financial Crime Compliance Officers
TECH_CYBER_MS_095,Physical Security Penetration Testing,Technology,Cybersecurity,Corporate Security Directors
TECH_DEV_OPS_096,Serverless Cold Start Optimization,Technology,DevOps & Infrastructure,Cloud Architects
TECH_DEV_OPS_097,Database Index Tuning as a Service,Technology,DevOps & Infrastructure,Database Administrators (DBAs)
TECH_DEV_OPS_098,Multi-Cloud Kubernetes Cost Allocation,Technology,DevOps & Infrastructure,FinOps Practitioners
TECH_DEV_OPS_099,Feature Flag Management Platform,Technology,DevOps & Infrastructure,Software Release Managers
TECH_DEV_OPS_100,Edge Compute Platform for Retail Stores,Technology,DevOps & Infrastructure,Retail IT Infrastructure Managers
ECOM_DTC_BTY_101,Melasma-Safe Skincare for Pregnancy,Commerce (E-commerce),Beauty & Personal Care,Expecting mothers aged 28-40
ECOM_DTC_BTY_102,Medical Grade Chemical Peels for Home Use,Commerce (E-commerce),Beauty & Personal Care,Advanced skincare enthusiasts
ECOM_DTC_BTY_103,Waterless Shampoo for Bedridden Patients,Commerce (E-commerce),Beauty & Personal Care,Home Health Aides and Caregivers
ECOM_DTC_BTY_104,Custom Shade Match Foundation for Olive Skin,Commerce (E-commerce),Beauty & Personal Care,Mediterranean and Middle Eastern women
ECOM_DTC_BTY_105,Tattoo Aftercare for Sensitive Skin,Commerce (E-commerce),Beauty & Personal Care,Young adults with new ink
ECOM_DTC_BTY_106,Premium Dog Cologne & Detangling Spray,Commerce (E-commerce),Pet Care,Affluent pet owners (Doodle breeds)
ECOM_DTC_BTY_107,Prescription Eyeglass Lenses for Night Driving,Commerce (E-commerce),Health & Optical,Commercial truck drivers and seniors
ECOM_DTC_BTY_108,Subscription Razors for Coarse Curly Hair,Commerce (E-commerce),Men's Grooming,Men of color prone to razor bumps
ECOM_DTC_BTY_109,Japanese Hair Shears for Home Stylists,Commerce (E-commerce),Tools & Accessories,Women cutting their own bangs/hair
ECOM_DTC_BTY_110,Clean Ingredient Nail Polish for Kids,Commerce (E-commerce),Beauty & Personal Care,Health-conscious parents
ECOM_FOOD_BEV_111,Low Acid Coffee for GERD Sufferers,Commerce (E-commerce),Food & Beverage,Older adults with acid reflux
ECOM_FOOD_BEV_112,Single Origin Cacao Ceremonial Grade,Commerce (E-commerce),Food & Beverage,Wellness influencers and spiritual practitioners
ECOM_FOOD_BEV_113,Diabetic-Friendly Gourmet Snack Box,Commerce (E-commerce),Food & Beverage,Type 2 Diabetics seeking indulgence
ECOM_FOOD_BEV_114,Functional Mushroom Jerky (Lion's Mane/Reishi),Commerce (E-commerce),Food & Beverage,Biohackers and gaming focus seekers
ECOM_FOOD_BEV_115,Ready-to-Bake Sourdough Croissant Kit,Commerce (E-commerce),Food & Beverage,Home bakers during pandemic hangover
ECOM_FOOD_BEV_116,Michelin Star Chef Recipe Meal Kits,Commerce (E-commerce),Food & Beverage,Aspiring foodies (Higher LTV than Blue Apron)
ECOM_FOOD_BEV_117,Sparkling Adaptogenic Water (Non-Alc),Commerce (E-commerce),Food & Beverage,Sober-curious Millennials
ECOM_FOOD_BEV_118,Pantry Staples from Specific Island (Crete/Sicily),Commerce (E-commerce),Food & Beverage,Regional Greek/Italian diaspora
ECOM_FOOD_BEV_119,Custom Vitamin Pack for Picky Teen Boys,Commerce (E-commerce),Supplements,Parents of teenage males
ECOM_FOOD_BEV_120,Freeze-Dried Backpacking Meals for Vegans,Commerce (E-commerce),Outdoor & Food,Vegan long-distance hikers (PCT/AT)
ECOM_FASH_ATH_121,Travel Pants with Hidden Passport Pockets,Commerce (E-commerce),Apparel & Fashion,Digital nomads and frequent flyers
ECOM_FASH_ATH_122,Professional Chef Coat for Female Silhouettes,Commerce (E-commerce),Apparel & Fashion,Female Executive Chefs
ECOM_FASH_ATH_123,Medical Scrubs with Antimicrobial Silver Tech,Commerce (E-commerce),Apparel & Fashion,Nurses working in ICUs
ECOM_FASH_ATH_124,UV Protective Fishing Shirts for Women,Commerce (E-commerce),Apparel & Fashion,Female anglers and boaters
ECOM_FASH_ATH_125,Post-Mastectomy Intimates & Swimwear,Commerce (E-commerce),Apparel & Fashion,Breast cancer survivors
ECOM_FASH_ATH_126,Sensory-Friendly Seamless Socks,Commerce (E-commerce),Apparel & Fashion,Children and adults with Autism/SPD
ECOM_FASH_ATH_127,Breakaway Pants for Adaptive Sports (Wheelchair),Commerce (E-commerce),Apparel & Fashion,Wheelchair basketball and tennis athletes
ECOM_FASH_ATH_128,Heirloom Quality Christening Gowns,Commerce (E-commerce),Apparel & Fashion,Grandparents purchasing gifts
ECOM_FASH_ATH_129,Tallow-Based Leather Conditioner,Commerce (E-commerce),Accessories,Heritage boot owners (Red Wing/Thursday)
ECOM_FASH_ATH_130,Custom Embroidered Family Crest Blazer Buttons,Commerce (E-commerce),Accessories,Groomsmen and fraternity alumni
ECOM_HOME_FRN_131,Modular Closet System for Rental Apartments,Commerce (E-commerce),Home & Furniture,Urban renters with small closets
ECOM_HOME_FRN_132,Washable Rug for Dining Room (Spill Proof),Commerce (E-commerce),Home & Furniture,Parents with toddlers
ECOM_HOME_FRN_133,Blackout Curtains for Night Shift Workers,Commerce (E-commerce),Home & Furniture,Healthcare workers and factory staff
ECOM_HOME_FRN_134,Adjustable Standing Desk Frame (OEM Parts),Commerce (E-commerce),Office Furniture,DIY desk builders and hobbyists
ECOM_HOME_FRN_135,Heavy Duty Cat Tree for Maine Coons,Commerce (E-commerce),Pet Furniture,Owners of large breed cats
ECOM_HOME_FRN_136,Acoustic Wood Slat Wall Panels (DIY Kit),Commerce (E-commerce),Home Improvement,Home podcasters and Zoom call professionals
ECOM_HOME_FRN_137,Outdoor Pizza Oven Cover & Accessories,Commerce (E-commerce),Backyard & Patio,Owners of Ooni/Gozney ovens
ECOM_HOME_FRN_138,Smart Bird Feeder with AI Species ID,Commerce (E-commerce),Tech & Garden,Retired birdwatchers
ECOM_HOME_FRN_139,Replacement Filters for Off-Grid Berkey Systems,Commerce (E-commerce),Appliances & Parts,Homesteaders and preppers
ECOM_HOME_FRN_140,Silent Disco Headphone Bulk Sets for Rentals,Commerce (E-commerce),Event Rentals,Wedding DJs and event planners
ECOM_KIDS_BBY_141,Montessori Learning Tower (Foldable),Commerce (E-commerce),Baby & Kids,Urban millennial parents
ECOM_KIDS_BBY_142,Organic Cotton Swaddle for Summer Heat,Commerce (E-commerce),Baby & Kids,Parents in Southern US states
ECOM_KIDS_BBY_143,Premium Breast Milk Freezer Storage Bags,Commerce (E-commerce),Baby & Kids,Exclusively pumping mothers
ECOM_KIDS_BBY_144,Bilingual STEM Subscription Box (Spanish/English),Commerce (E-commerce),Toys & Education,Bilingual families (Latinx US)
ECOM_KIDS_BBY_145,Silicone Placemat with Puzzle Edges,Commerce (E-commerce),Feeding & Highchair,Parents dealing with picky eaters
ECOM_KIDS_BBY_146,Personalized Tooth Fairy Door Hanger,Commerce (E-commerce),Kids Decor,Parents of children aged 5-8
ECOM_KIDS_BBY_147,Reusable Water Balloons (Magnetic Closure),Commerce (E-commerce),Toys & Games,Summer camp directors and parents
ECOM_KIDS_BBY_148,Weighted Stuffed Animal for Anxiety Relief,Commerce (E-commerce),Special Needs,Sensory-seeking children
ECOM_KIDS_BBY_149,Graduation Cap Decorating Kit (Bulk),Commerce (E-commerce),Party Supplies,High school senior moms
ECOM_KIDS_BBY_150,Period Underwear Starter Pack for Tweens,Commerce (E-commerce),Tween Health,Mothers of girls aged 10-13
HEALTH_TELE_MH_151,Online Psychiatry for Postpartum Depression,Healthcare,Telehealth & Digital Health,New mothers in rural areas
HEALTH_TELE_MH_152,ADHD Diagnosis & Coaching for Adult Women,Healthcare,Telehealth & Digital Health,Women aged 30-50 struggling with executive function
HEALTH_TELE_MH_153,Psychedelic-Assisted Therapy Preparation,Healthcare,Telehealth & Digital Health,Patients seeking integration support for Ketamine therapy
HEALTH_TELE_MH_154,Executive Menopause Symptom Management,Healthcare,Telehealth & Digital Health,C-Suite women aged 45-60
HEALTH_TELE_MH_155,Remote Patient Monitoring for CHF,Healthcare,Telehealth & Digital Health,Medicare Advantage patients with heart failure
HEALTH_TELE_MH_156,Direct Primary Care for Uninsured Gig Workers,Healthcare,Telehealth & Digital Health,Independent contractors (Uber/Lyft/Doordash)
HEALTH_TELE_MH_157,Travel Vaccination Consult & Prescription,Healthcare,Telehealth & Digital Health,Backpackers heading to Southeast Asia/Africa
HEALTH_TELE_MH_158,Gender-Affirming Hormone Therapy (Virtual),Healthcare,Telehealth & Digital Health,Transgender and non-binary individuals in restrictive states
HEALTH_TELE_MH_159,Online Dermatology for Hormonal Acne,Healthcare,Telehealth & Digital Health,Adult women with persistent acne
HEALTH_TELE_MH_160,Clinical Hypnotherapy for Smoking Cessation,Healthcare,Telehealth & Digital Health,Long-term smokers aged 40+
HEALTH_DEV_DIY_161,Continuous Ketone Meter (CKM) for Biohackers,Healthcare,Medical Devices & Wearables,Biohackers and keto diet followers
HEALTH_DEV_DIY_162,Smart Insole for Diabetic Foot Ulcer Prevention,Healthcare,Medical Devices & Wearables,Type 2 diabetics with neuropathy
HEALTH_DEV_DIY_163,PTSD Nightmare Intervention Wearable,Healthcare,Medical Devices & Wearables,Veterans with service-related PTSD
HEALTH_DEV_DIY_164,Light Therapy Visor for Shift Work Disorder,Healthcare,Medical Devices & Wearables,Factory workers on rotating shifts
HEALTH_DEV_DIY_165,Hydration Monitoring Patch for Elderly,Healthcare,Medical Devices & Wearables,Adult children caring for aging parents
HEALTH_DEV_DIY_166,Ovulation Confirmation Core Body Temp Ring,Healthcare,Medical Devices & Wearables,Women practicing Fertility Awareness Method (FAM)
HEALTH_DEV_DIY_167,Posture Corrector with Haptic Feedback,Healthcare,Medical Devices & Wearables,Remote desk workers with upper back pain
HEALTH_DEV_DIY_168,Air Quality Monitor for Asthma Management,Healthcare,Medical Devices & Wearables,Parents of asthmatic children
HEALTH_DEV_DIY_169,Portable Red Light Therapy Panel (Travel),Healthcare,Medical Devices & Wearables,Professional athletes and traveling executives
HEALTH_DEV_DIY_170,Home Male Fertility Test Kit (Sperm Count/Quality),Healthcare,At-Home Diagnostics,Couples trying to conceive (TTC)
HEALTH_SEN_HOM_171,Non-Medical In-Home Companionship Matching,Healthcare,Senior Care & Aging,Adult children of elderly parents (Sandwich Generation)
HEALTH_SEN_HOM_172,Certified Dementia Practitioner Home Training,Healthcare,Senior Care & Aging,Family caregivers of Alzheimer's patients
HEALTH_SEN_HOM_173,Medical Alert System with Fall Detection & AI Voice,Healthcare,Senior Care & Aging,Solo agers (Seniors living alone)
HEALTH_SEN_HOM_174,Mobility Scooter Rental for Cruise Passengers,Healthcare,Senior Care & Aging,Retirees booking cruises
HEALTH_SEN_HOM_175,End-of-Life Doula & Legacy Project Services,Healthcare,Senior Care & Aging,Terminally ill patients and their families
HEALTH_SEN_HOM_176,Custom Hearing Protection for Musicians,Healthcare,Audiology,Concert-goers and band members
HEALTH_SEN_HOM_177,Meal Prep for Renal Dialysis Patients,Healthcare,Nutrition & Dietetics,Patients with Chronic Kidney Disease (CKD)
HEALTH_SEN_HOM_178,Accessible Bathroom Remodel Financing,Healthcare,Home Modification,Homeowners aging in place
HEALTH_SEN_HOM_179,Senior Moving & Downsizing Management,Healthcare,Senior Care & Aging,Relocating retirees (Move Management)
HEALTH_SEN_HOM_180,Adult Day Care Enrichment Program Licensing,Healthcare,Senior Care & Aging,Entrepreneurs opening Adult Day Health Centers
RE_FIN_INV_181,Opportunity Zone Fund Administration (QOF),Real Estate,Investment & Finance,High-net-worth individuals with capital gains
RE_FIN_INV_182,Fractional Ownership of Vacation Rentals,Real Estate,Investment & Finance,Accredited investors seeking passive income
RE_FIN_INV_183,Ground Lease Acquisition & Structuring,Real Estate,Investment & Finance,Institutional investors and land owners
RE_FIN_INV_184,Data Center REIT Retail Access,Real Estate,Investment & Finance,Retail investors seeking AI infrastructure exposure
RE_FIN_INV_185,Self-Directed IRA Custodian for Real Estate,Real Estate,Investment & Finance,Retirement savers seeking alternative assets
RE_FIN_INV_186,Hard Money Lending for Fix and Flip Rehabs,Real Estate,Investment & Finance,Real estate investors with <720 credit score
RE_FIN_INV_187,Tax Lien Certificate Education & Auction Access,Real Estate,Investment & Finance,Retirees seeking high-yield fixed income
RE_FIN_INV_188,1031 Exchange Qualified Intermediary (QI) Services,Real Estate,Investment & Finance,Commercial property sellers
RE_FIN_INV_189,Crowdfunding for Affordable Housing Development,Real Estate,Investment & Finance,Impact investors and CRA-motivated banks
RE_FIN_INV_190,Lease Option Coaching for Tenants,Real Estate,Investment & Finance,Renters with bad credit aspiring to own
RE_PROPTECH_SFT_191,AI Lease Abstraction for Commercial Brokers,Real Estate,PropTech & Software,Commercial Real Estate (CRE) Brokers
RE_PROPTECH_SFT_192,Construction Draw Inspection Management,Real Estate,PropTech & Software,Construction Lenders and Loan Admins
RE_PROPTECH_SFT_193,Short-Term Rental Dynamic Pricing Algorithm,Real Estate,PropTech & Software,Airbnb and VRBO Portfolio Managers
RE_PROPTECH_SFT_194,Resident Experience App for Multifamily,Real Estate,PropTech & Software,Class A Apartment Property Managers
RE_PROPTECH_SFT_195,Industrial Warehouse Door Security System,Real Estate,PropTech & Software,Logistics Facility Managers
RE_PROPTECH_SFT_196,Home Maintenance Concierge for Landlords,Real Estate,PropTech & Software,Out-of-state rental property owners
RE_PROPTECH_SFT_197,Geospatial Risk Rating for Wildfire Zones,Real Estate,PropTech & Software,Insurance underwriters and home buyers in CA/CO
RE_PROPTECH_SFT_198,Condo/HOA Violation Tracking & Communication,Real Estate,PropTech & Software,HOA Management Companies
RE_PROPTECH_SFT_199,Agricultural Land Leasing Marketplace,Real Estate,PropTech & Software,Farmers seeking land access / Landowners seeking income
RE_PROPTECH_SFT_200,Coworking Space Access Day Pass App,Real Estate,PropTech & Software,Remote workers in suburban downtowns
RE_RES_SPEC_201,Luxury Treehouse Builder & Resort Developer,Real Estate,Specialty Development,Eco-tourism investors and glamping operators
RE_RES_SPEC_202,Climate Resilient Home Construction (Hurricane Proof),Real Estate,Specialty Development,Coastal homeowners in Florida/Texas
RE_RES_SPEC_203,Historic Preservation Tax Credit Consulting,Real Estate,Specialty Development,Developers renovating pre-1936 buildings
RE_RES_SPEC_204,Accessory Dwelling Unit (ADU) Prefab Installer,Real Estate,Specialty Development,California homeowners seeking rental income
RE_RES_SPEC_205,Pet-Friendly Apartment Locator Service,Real Estate,Specialty Development,Relocating pet owners with large breeds
RE_RES_SPEC_206,Medical Office Building (MOB) Tenant Rep,Real Estate,Commercial Specialization,Physician Groups expanding practices
RE_RES_SPEC_207,Self-Storage Feasibility Study Analyst,Real Estate,Commercial Specialization,Storage REITs and private equity firms
RE_RES_SPEC_208,Telecom Cell Tower Lease Negotiation,Real Estate,Commercial Specialization,Landowners approached by Verizon/T-Mobile
RE_RES_SPEC_209,Cold Storage Warehouse Brokerage,Real Estate,Commercial Specialization,Food distribution and pharma companies
RE_RES_SPEC_210,Marina & Wet Slip Valuation Specialist,Real Estate,Appraisal,Marine lenders and boat slip owners
EDU_CORP_UP_211,Generative AI Prompt Engineering for Marketers,Education,Corporate Training & Upskilling,Marketing Managers adapting to AI tools
EDU_CORP_UP_212,Critical Thinking for Middle Management,Education,Corporate Training & Upskilling,Team Leads in large matrix organizations
EDU_CORP_UP_213,Cybersecurity Awareness for Non-Tech Boards,Education,Corporate Training & Upskilling,Board of Directors (BOD) members
EDU_CORP_UP_214,DEI Facilitation for Neurodiverse Workplaces,Education,Corporate Training & Upskilling,HR Business Partners
EDU_CORP_UP_215,Financial Modeling for Climate Tech,Education,Corporate Training & Upskilling,Investment Analysts in ESG funds
EDU_CORP_UP_216,Technical Writing for API Documentation,Education,Corporate Training & Upskilling,Software Developers transitioning to DevRel
EDU_CORP_UP_217,Retail Loss Prevention & Shrink Reduction,Education,Corporate Training & Upskilling,Retail Store Managers
EDU_CORP_UP_218,Government Contract Accounting (DCAA Compliance),Education,Corporate Training & Upskilling,Startup CFOs in DefenseTech
EDU_CORP_UP_219,Podcast Guesting Strategy for Founders,Education,Corporate Training & Upskilling,B2B SaaS Founders seeking inbound leads
EDU_CORP_UP_220,Construction Project Manager PMP Prep,Education,Corporate Training & Upskilling,Assistant Project Managers in Construction
EDU_K12_ALT_221,Microschool Curriculum for Gifted 2E Kids,Education,K-12 & Alternative Education,Parents of twice-exceptional children
EDU_K12_ALT_222,Forest School Teacher Certification,Education,K-12 & Alternative Education,Outdoor educators and preschool teachers
EDU_K12_ALT_223,SAT/ACT Prep for Student Athletes,Education,K-12 & Alternative Education,High school juniors aiming for NCAA eligibility
EDU_K12_ALT_224,Classical Education Trivium Lesson Plans,Education,K-12 & Alternative Education,Homeschooling parents (Classical Method)
EDU_K12_ALT_225,Project-Based Learning for Marine Biology,Education,K-12 & Alternative Education,Coastal school districts
EDU_K12_ALT_226,Summer Enrichment for Dyslexic Readers,Education,K-12 & Alternative Education,Parents seeking Orton-Gillingham tutoring
EDU_K12_ALT_227,Executive Function Coaching for Teens,Education,K-12 & Alternative Education,Parents of 9th graders struggling with organization
EDU_K12_ALT_228,Virtual Reality Field Trips for Rural Schools,Education,K-12 & Alternative Education,Rural Title 1 School Principals
EDU_K12_ALT_229,Esports League Management for High Schools,Education,K-12 & Alternative Education,High School Activities Directors
EDU_K12_ALT_230,Roblox Coding Summer Camp (Virtual),Education,K-12 & Alternative Education,Parents of 8-12 year old gamers
EDU_HIGH_ED_231,Study Abroad Risk Management & Insurance,Education,Higher Education & Test Prep,University Study Abroad Offices
EDU_HIGH_ED_232,Medical School Secondary Application Editing,Education,Higher Education & Test Prep,Pre-Med Students
EDU_HIGH_ED_233,International Student Career Services (OPT/CPT),Education,Higher Education & Test Prep,F-1 Visa students in STEM
EDU_HIGH_ED_234,College Consulting for Creative Portfolios (Art/Film),Education,Higher Education & Test Prep,High school seniors applying to BFA programs
EDU_HIGH_ED_235,Grad School Statement of Purpose (SoP) Writing,Education,Higher Education & Test Prep,Master's and PhD applicants
EDU_HIGH_ED_236,Transfer Admissions Counseling (CC to Ivy),Education,Higher Education & Test Prep,Community College honors students
EDU_HIGH_ED_237,Fraternity & Sorority House Staff Training,Education,Higher Education & Test Prep,House Directors and Chapter Advisors
EDU_HIGH_ED_238,Title IX Investigator Certification,Education,Higher Education & Test Prep,Higher Ed HR and Student Affairs Staff
EDU_HIGH_ED_239,University Research Lab Management Software,Education,Higher Education & Test Prep,Principal Investigators (PIs)
EDU_HIGH_ED_240,Alumni Engagement & Fundraising Platform,Education,Higher Education & Test Prep,Small Private College Advancement Offices
PROF_LEGAL_BUS_241,Franchise Disclosure Document (FDD) Preparation,Professional Services,Legal Services (B2B),Emerging Franchisors
PROF_LEGAL_BUS_242,Trademark Monitoring for DTC E-Commerce Brands,Professional Services,Legal Services (B2B),Amazon FBA and Shopify store owners
PROF_LEGAL_BUS_243,Music Sync Licensing & Clearance Attorney,Professional Services,Legal Services (B2B),Independent filmmakers and YouTubers
PROF_LEGAL_BUS_244,Immigration Law for O-1A Extraordinary Ability Visas,Professional Services,Legal Services (B2B),Startup Founders and PhD researchers
PROF_LEGAL_BUS_245,Equine Law & Horse Syndication Agreements,Professional Services,Legal Services (B2B),Racehorse owners and breeders
PROF_LEGAL_BUS_246,Data Privacy Compliance (GDPR/CCPA) for SMBs,Professional Services,Legal Services (B2B),E-commerce store managers
PROF_LEGAL_BUS_247,Special Needs Trust Planning,Professional Services,Legal Services (B2C),Parents of disabled adult children
PROF_LEGAL_BUS_248,Veteran Disability Appeals Representation,Professional Services,Legal Services (B2C),Veterans with denied VA claims
PROF_LEGAL_BUS_249,Probate & Estate Administration for Blended Families,Professional Services,Legal Services (B2C),Executors of estates with stepchildren
PROF_LEGAL_BUS_250,Telehealth Regulatory Compliance Counsel,Professional Services,Legal Services (B2B),Healthcare startups prescribing across state lines
PROF_CON_MGT_251,Fractional CFO for Creative Agencies,Professional Services,Consulting & Strategy,Owners of 10-30 person marketing agencies
PROF_CON_MGT_252,Supply Chain Diversification (China+1 Strategy),Professional Services,Consulting & Strategy,Mid-market manufacturers
PROF_CON_MGT_253,Customer Success (CS) Department Setup,Professional Services,Consulting & Strategy,Series A SaaS founders
PROF_CON_MGT_254,Exit Planning & M&A Readiness for HVAC/Plumbing,Professional Services,Consulting & Strategy,Owners of trades businesses nearing retirement
PROF_CON_MGT_255,AI Integration Audit for Mid-Size Law Firms,Professional Services,Consulting & Strategy,Managing partners of 20-50 attorney firms
PROF_CON_MGT_256,Restaurant Turnaround & Menu Engineering,Professional Services,Consulting & Strategy,Struggling independent restaurant owners
PROF_CON_MGT_257,Government RFP Proposal Consulting,Professional Services,Consulting & Strategy,Small businesses seeking 8(a) certifications
PROF_CON_MGT_258,ESG Reporting & Materiality Assessment,Professional Services,Consulting & Strategy,Public company sustainability officers
PROF_CON_MGT_259,Non-Profit Board Development & Governance,Professional Services,Consulting & Strategy,Newly formed non-profit foundations
PROF_CON_MGT_260,Physician Practice Revenue Cycle Optimization,Professional Services,Consulting & Strategy,Private practice owners fighting reimbursement cuts
PROF_ACC_TAX_261,Residency & Domicile Tax Consulting,Professional Services,Accounting & Tax,HNWIs moving to tax-friendly states (FL/TX)
PROF_ACC_TAX_262,Software Development R&D Tax Credit Study,Professional Services,Accounting & Tax,Bootstrapped SaaS company founders
PROF_ACC_TAX_263,Bookkeeping for Short-Term Rental Portfolios,Professional Services,Accounting & Tax,Airbnb arbitrage hosts with 5+ properties
PROF_ACC_TAX_264,Cryptocurrency Tax Loss Harvesting Service,Professional Services,Accounting & Tax,Active crypto traders and NFT collectors
PROF_ACC_TAX_265,Forensic Accounting for Divorce Asset Hiding,Professional Services,Accounting & Tax,Spouses of high-earning partners
PROF_ACC_TAX_266,International Assignment Tax Equalization,Professional Services,Accounting & Tax,Expatriates on corporate rotation
PROF_ACC_TAX_267,Non-Resident Alien (NRA) Tax Return Prep,Professional Services,Accounting & Tax,Foreign investors in US real estate
PROF_ACC_TAX_268,Farm & Ranch Depreciation Schedules,Professional Services,Accounting & Tax,Row crop farmers and cattle ranchers
PROF_ACC_TAX_269,Estate Tax Return (Form 706) Preparation,Professional Services,Accounting & Tax,Executors of estates over $13M exemption
PROF_ACC_TAX_270,Employee Retention Credit (ERC) Recovery,Professional Services,Accounting & Tax,Restaurant and retail business owners
MANUF_SPEC_IND_271,Precision CNC Swiss Machining for Medical Bone Screws,Manufacturing,Specialty Industrial,Orthopedic device OEMs
MANUF_SPEC_IND_272,Short-Run PCB Assembly for Prototyping,Manufacturing,Specialty Industrial,Hardware startups and R&D labs
MANUF_SPEC_IND_273,Injection Molding for Biodegradable Cutlery,Manufacturing,Specialty Industrial,Food service companies avoiding plastic bans
MANUF_SPEC_IND_274,Custom Rubber Gaskets for Semiconductor Equipment,Manufacturing,Specialty Industrial,Semiconductor Fab maintenance teams
MANUF_SPEC_IND_275,Commercial Grade Playground Equipment Fabrication,Manufacturing,Specialty Industrial,Municipal parks and recreation departments
MANUF_SPEC_IND_276,High-End Architectural Millwork & Paneling,Manufacturing,Specialty Industrial,Luxury residential general contractors
MANUF_SPEC_IND_277,Industrial Battery Pack Assembly (Lithium-Ion),Manufacturing,Specialty Industrial,EV conversion shops and energy storage firms
MANUF_SPEC_IND_278,Aerospace Grade Composites Layup (Carbon Fiber),Manufacturing,Specialty Industrial,Drone manufacturers and aircraft MROs
MANUF_SPEC_IND_279,Small Batch Hot Sauce Co-Packing,Manufacturing,Food & Beverage Co-Packing,Foodie influencers launching CPG brands
MANUF_SPEC_IND_280,Steel Staircase & Handrail Fabrication,Manufacturing,Metal Fabrication,Commercial building contractors
MANUF_CBD_FOOD_281,Private Label Functional Mushroom Gummies,Manufacturing,CPG & Private Label,Supplements brands seeking low MOQ
MANUF_CBD_FOOD_282,Ready-to-Drink Canned Cocktail Canning Line,Manufacturing,CPG & Private Label,Distilleries entering the RTD space
MANUF_CBD_FOOD_283,Clean Label Baby Food Pouch Filling,Manufacturing,CPG & Private Label,Organic baby food startups
MANUF_CBD_FOOD_284,Custom Printed Die-Cut Sticker Manufacturing,Manufacturing,Printing & Packaging,Musicians and streetwear brands
MANUF_CBD_FOOD_285,Recyclable Mono-Material Pouch Packaging,Manufacturing,Printing & Packaging,Zero-waste personal care brands
MANUF_CBD_FOOD_286,3D Printing Filament from Recycled Ocean Plastic,Manufacturing,Additive Manufacturing,Hobbyist 3D printer owners (Prusa/Bambu)
MANUF_CBD_FOOD_287,Premium Hardwood Skateboard Deck Pressing,Manufacturing,Wood & Sporting Goods,Skate shop owners and custom board builders
MANUF_CBD_FOOD_288,Leather Holster & Kydex Sheath Crafting,Manufacturing,Textiles & Apparel,Concealed carry permit holders
MANUF_CBD_FOOD_289,Flame-Resistant (FR) Workwear Sewing,Manufacturing,Textiles & Apparel,Oil and gas field workers
MANUF_CBD_FOOD_290,UL Certified Electrical Panel Shop,Manufacturing,Electrical Equipment,Industrial automation integrators
RETAIL_BRICK_BTY_291,Refillery & Zero Waste Dry Goods Shop,Retail,Brick & Mortar Specialty,Eco-conscious suburban families
RETAIL_BRICK_BTY_292,Independently Owned Running Shoe Store with Gait Analysis,Retail,Brick & Mortar Specialty,Marathon runners and fitness walkers
RETAIL_BRICK_BTY_293,Specialty Board Game Cafe & Retail,Retail,Brick & Mortar Specialty,Tabletop gamers and college students
RETAIL_BRICK_BTY_294,Designer Consignment for Men's Sneakers,Retail,Brick & Mortar Specialty,Gen Z sneakerheads (Hypebeasts)
RETAIL_BRICK_BTY_295,Artisan Cheese & Charcuterie Monger,Retail,Brick & Mortar Specialty,Affluent foodies and hostesses
RETAIL_BRICK_BTY_296,High-End Audio Equipment Listening Room,Retail,Brick & Mortar Specialty,Audiophiles and home theater installers
RETAIL_BRICK_BTY_297,Hydroponic Grow Supply Store,Retail,Brick & Mortar Specialty,Indoor cannabis and microgreen growers
RETAIL_BRICK_BTY_298,European Auto Parts Counter (Specialized),Retail,Brick & Mortar Specialty,BMW/Mercedes/Porsche DIY enthusiasts
RETAIL_BRICK_BTY_299,Antique Map & Print Gallery,Retail,Brick & Mortar Specialty,Interior designers and history buffs
RETAIL_BRICK_BTY_300,Children's Bookstore with Spanish Language Focus,Retail,Brick & Mortar Specialty,Latino families in urban centers
RETAIL_FOOD_SVC_301,Automated Micro-Market for Office Buildings,Retail,Food Service & QSR,Office building property managers (post-COVID)
RETAIL_FOOD_SVC_302,Salad Vending Machine Operator (Farmer's Fridge),Retail,Food Service & QSR,Airport and hospital facility managers
RETAIL_FOOD_SVC_303,Drive-Thru Coffee Kiosk (Standalone),Retail,Food Service & QSR,Morning commuters in secondary cities
RETAIL_FOOD_SVC_304,Virtual Restaurant Brand (Delivery Only),Retail,Food Service & QSR,Operators of underutilized commercial kitchens
RETAIL_FOOD_SVC_305,Premium Boba Tea Supply Wholesale,Retail,Food Service & QSR,Bubble tea shop franchisees
RETAIL_FOOD_SVC_306,Office Catering for Law Firm Lunches,Retail,Food Service & QSR,Downtown corporate law firms
RETAIL_FOOD_SVC_307,Meal Prep Service for Bodybuilding Competitors,Retail,Food Service & QSR,NPC/IFBB amateur competitors
RETAIL_FOOD_SVC_308,Private Chef Booking Platform for Ski Chalets,Retail,Food Service & QSR,Affluent vacationers in Aspen/Vail/Park City
RETAIL_FOOD_SVC_309,Restaurant Hood & Exhaust Cleaning Service,Retail,Food Service & QSR,Restaurant general managers (mandatory fire code)
RETAIL_FOOD_SVC_310,Sushi Rolling Robot Sales & Service,Retail,Food Service & QSR,Grocery store deli managers
RETAIL_AUTO_FLEET_311,Mobile EV Charging Roadside Assistance,Retail,Automotive & Fleet,EV drivers with range anxiety
RETAIL_AUTO_FLEET_312,Classic VW Bus Restoration & Electric Conversion,Retail,Automotive & Fleet,Van life enthusiasts and surfers
RETAIL_AUTO_FLEET_313,Commercial Truck Fleet Upfitting (Shelving/Stairs),Retail,Automotive & Fleet,Plumbing and electrical contractors
RETAIL_AUTO_FLEET_314,Paintless Dent Repair (PDR) Specialist,Retail,Automotive & Fleet,Car dealerships and hail damage victims
RETAIL_AUTO_FLEET_315,Off-Road Overlanding Gear & Installation,Retail,Automotive & Fleet,Jeep and Toyota 4Runner owners
RETAIL_AUTO_FLEET_316,Key Fob Duplication & Programming Kiosk,Retail,Automotive & Fleet,Shoppers at big box retail parking lots
RETAIL_AUTO_FLEET_317,Window Tinting for Residential Solar Control,Retail,Automotive & Fleet,Homeowners in sunbelt states
RETAIL_AUTO_FLEET_318,Last-Mile Delivery Fleet Maintenance Management,Retail,Automotive & Fleet,Amazon Delivery Service Partners (DSPs)
RETAIL_AUTO_FLEET_319,Exotic Car Detailing & Ceramic Coating,Retail,Automotive & Fleet,Luxury and supercar owners
RETAIL_AUTO_FLEET_320,Motorcycle Tire Change & Balancing (Mobile),Retail,Automotive & Fleet,Sportbike and cruiser riders
HOSP_LUX_TRAV_321,Culinary Tour Operator (Specific Region: Puglia),Hospitality & Travel,Specialty Travel,Affluent food enthusiasts seeking immersive experiences
HOSP_LUX_TRAV_322,Silent Meditation Retreat Center,Travel,Wellness Travel,Burned-out tech executives
HOSP_LUX_TRAV_323,Astrotourism Guide (Dark Sky Stargazing),Travel,Niche Adventure,Amateur astronomers and photographers
HOSP_LUX_TRAV_324,Accessible Van Rental for Wheelchair Travelers,Travel,Accessible Tourism,Travelers with mobility disabilities
HOSP_LUX_TRAV_325,Surf Camp for Women Over 40,Travel,Special Interest Travel,Athletic women seeking community and adventure
HOSP_LUX_TRAV_326,Pilgrimage Tour Operator (Camino de Santiago),Travel,Faith-Based Travel,Spiritual seekers and hiking retirees
HOSP_LUX_TRAV_327,Genealogy & Ancestry Heritage Tours,Travel,Special Interest Travel,Retired Americans tracing European/Irish roots
HOSP_LUX_TRAV_328,Pet-Friendly Luxury Hotel Booking Site,Travel,Pet Travel,Travelers with small dogs (DINKs)
HOSP_LUX_TRAV_329,Voluntourism Program Coordinator (Marine Conservation),Travel,Impact Travel,Gap year students and corporate teams
HOSP_LUX_TRAV_330,Private Island Rental Marketplace,Travel,Luxury Accommodations,Family offices and corporate retreat planners
HOSP_EVENT_CORP_331,Medical Conference CME Cruise Organizer,Travel,Events & Conferences,Physicians fulfilling CME requirements
HOSP_EVENT_CORP_332,Fantasy Football Draft Weekend Planner,Travel,Events & Conferences,Fantasy football league commissioners
HOSP_EVENT_CORP_333,Bar/Bat Mitzvah Party Entertainment Booking,Travel,Events & Conferences,Jewish families planning milestone events
HOSP_EVENT_CORP_334,College Esports Arena Management,Travel,Venue Management,Universities investing in gaming facilities
HOSP_EVENT_CORP_335,Incentive Travel Program for Insurance Sales,Travel,Corporate Travel,Insurance carriers rewarding top agents
HOSP_EVENT_CORP_336,Quinceañera Venue & Planner (Specific Region),Travel,Events & Conferences,Latinx families with teenage daughters
HOSP_EVENT_CORP_337,Pop-Up Dinner Series in Secret Locations,Travel,F&B Experience,Urban foodie influencers
HOSP_EVENT_CORP_338,Wedding Content Creator (Social Media),Travel,Wedding Services,Couples wanting behind-the-scenes TikTok content
HOSP_EVENT_CORP_339,Elopement Photographer for National Parks,Travel,Wedding Services,Adventurous couples avoiding large weddings
HOSP_EVENT_CORP_340,Luxury Picnic Setup & Styling Rental,Travel,Events & Conferences,Girlfriend groups and proposal planners
AGRI_PREC_TECH_341,Drone-Based Crop Scouting & NDVI Analysis,Agriculture,Precision Agriculture Technology,Large scale row crop farmers (Corn/Soy/Wheat)
AGRI_PREC_TECH_342,Automated Irrigation Scheduling for Almond Orchards,Agriculture,Precision Agriculture Technology,California almond growers
AGRI_PREC_TECH_343,Soil Carbon Sequestration Measurement,Agriculture,Carbon & Sustainability,Carbon credit aggregators and regenerative farmers
AGRI_PREC_TECH_344,Robotic Weeding as a Service (RaaS),Agriculture,Specialty Crop Production,Organic vegetable farmers facing labor shortages
AGRI_PREC_TECH_345,Indoor Vertical Farm for Microgreens,Agriculture,Controlled Environment Ag (CEA),Farm-to-table restaurants and grocers
AGRI_PREC_TECH_346,Beekeeping Hive Monitoring & Health Analytics,Agriculture,Apiculture,Commercial beekeepers and almond pollination services
AGRI_PREC_TECH_347,Aquaponic System Design for Homeowners,Agriculture,Urban Farming,Sustainable living enthusiasts in suburbs
AGRI_PREC_TECH_348,Specialty Mushroom Grow Kits (Lion's Mane/Oyster),Agriculture,Specialty Crops,Farmers market vendors and hobby mycologists
AGRI_PREC_TECH_349,Livestock GPS Tracking & Virtual Fencing,Agriculture,Livestock Management,Ranchers with extensive grazing lands
AGRI_PREC_TECH_350,Poultry House Environmental Controller Upgrades,Agriculture,Livestock Management,Poultry integrators (Tyson/Pilgrim's contract growers)
AGRI_ORG_SUST_351,Regenerative Cotton Fiber Supply Chain,Agriculture,Organic & Sustainable Farming,Apparel brands with sustainability goals
AGRI_ORG_SUST_352,USDA Organic Certification Consulting,Agriculture,Organic & Sustainable Farming,Transitioning conventional farmers
AGRI_ORG_SUST_353,Heirloom Seed Bank & Online Retail,Agriculture,Specialty Crops,Home gardeners seeking non-GMO seeds
AGRI_ORG_SUST_354,Biodynamic Wine Grape Consulting,Agriculture,Viticulture,Premium wine producers (Napa/Sonoma)
AGRI_ORG_SUST_355,Insect Protein Farming (Black Soldier Fly Larvae),Agriculture,Alternative Proteins,Poultry and pet food manufacturers
AGRI_ORG_SUST_356,Composting Facility Management for Municipalities,Agriculture,Waste Management,City sustainability directors
AGRI_ORG_SUST_357,Truffle Dog Training & Orchard Inoculation,Agriculture,Specialty Forestry,Landowners seeking high-value alternative crops
AGRI_ORG_SUST_358,Maple Syrup Tubing & Vacuum System Installation,Agriculture,Forestry & Sugaring,Sugar bush owners in Northeast US
AGRI_ORG_SUST_359,Christmas Tree Farm Agritourism Experience,Agriculture,Agritourism,Families seeking holiday traditions
AGRI_ORG_SUST_360,Goat Grazing Rental for Brush Clearance,Agriculture,Land Management,Utility companies and fire departments
ENR_SOL_RES_361,Community Solar Subscriber Acquisition,Energy & Utilities,Renewable Energy,Renters and low-income homeowners
ENR_SOL_RES_362,Solar Panel Cleaning Robot Service,Energy & Utilities,Renewable Energy,Large scale solar farm operators
ENR_SOL_RES_363,Battery Energy Storage System (BESS) Development,Energy & Utilities,Renewable Energy,Utility-scale developers and IPPs
ENR_SOL_RES_364,Offshore Wind Turbine Technician Training,Energy & Utilities,Renewable Energy,Maritime workers transitioning careers
ENR_SOL_RES_365,EV Charging Station Site Host Acquisition,Energy & Utilities,EV Infrastructure,Retail shopping center owners
ENR_SOL_RES_366,Residential Geothermal HVAC Loop Installer,Energy & Utilities,Energy Efficiency,Custom home builders and eco-conscious homeowners
ENR_SOL_RES_367,Energy Broker for Commercial Buildings,Energy & Utilities,Energy Management,Office building and industrial facility managers
ENR_SOL_RES_368,Home Energy Audit & Blower Door Testing,Energy & Utilities,Energy Efficiency,Homeowners seeking weatherization rebates
ENR_SOL_RES_369,Microgrid Engineering for Remote Telecom Towers,Energy & Utilities,Renewable Energy,Telecom infrastructure companies
ENR_SOL_RES_370,Green Hydrogen Feasibility Studies,Energy & Utilities,Renewable Energy,Heavy industry (Steel/Ammonia) decarbonization teams
ENR_WATER_WASTE_371,Produced Water Recycling for Oil & Gas Wells,Energy & Utilities,Water & Waste Management,Oilfield operators in drought-prone regions
ENR_WATER_WASTE_372,Smart Water Meter Installation & Data Analytics,Energy & Utilities,Water & Waste Management,Municipal water utilities (AMI 2.0)
ENR_WATER_WASTE_373,Medical Waste Disposal for Tattoo Parlors,Energy & Utilities,Environmental Services,Tattoo artists and body piercers
ENR_WATER_WASTE_374,Electronics Waste (E-Waste) ITAD Services,Energy & Utilities,Recycling,Corporate IT departments refreshing laptops
ENR_WATER_WASTE_375,Concrete Washout Water Treatment Systems,Energy & Utilities,Construction Services,Ready-mix concrete truck drivers
ENR_WATER_WASTE_376,Landfill Gas to Energy Project Developer,Energy & Utilities,Waste-to-Energy,Municipal solid waste authorities
ENR_WATER_WASTE_377,Septic Tank Location & Inspection (Drones),Energy & Utilities,Water & Waste Management,Rural real estate buyers
ENR_WATER_WASTE_378,Greywater Recycling System Installation,Energy & Utilities,Water Conservation,Drought-conscious California homeowners
ENR_WATER_WASTE_379,Industrial Vacuum Truck Services (Hazmat),Energy & Utilities,Environmental Remediation,Chemical plants and refineries
ENR_WATER_WASTE_380,Stormwater Pollution Prevention Plan (SWPPP) Inspections,Energy & Utilities,Environmental Compliance,Construction site superintendents
LOG_FREIGHT_LM_381,Pharmaceutical Cold Chain Validation,Logistics & Transportation,Freight & Cargo,Pharma manufacturers shipping vaccines
LOG_FREIGHT_LM_382,Oversized Load Pilot Car Escort Service,Logistics & Transportation,Freight & Cargo,Heavy haul trucking companies
LOG_FREIGHT_LM_383,Cross-Docking Warehouse for Perishable Produce,Logistics & Transportation,Warehousing & Fulfillment,Regional food distributors
LOG_FREIGHT_LM_384,Automotive Parts Milk Run Logistics,Logistics & Transportation,Freight & Cargo,Auto assembly plants and Tier 1 suppliers
LOG_FREIGHT_LM_385,Fine Art Handling & Climate-Controlled Shuttle,Logistics & Transportation,Specialty Logistics,Galleries and private collectors
LOG_FREIGHT_LM_386,Last-Mile Parcel Locker Network Operator,Logistics & Transportation,Last-Mile Delivery,E-commerce returns processors
LOG_FREIGHT_LM_387,Bicycle Courier Service for Legal Docs,Logistics & Transportation,Last-Mile Delivery,Downtown law firms
LOG_FREIGHT_LM_388,Freight Brokerage for Flatbed Steel Hauling,Logistics & Transportation,Freight & Cargo,Steel service centers and fabricators
LOG_FREIGHT_LM_389,Hazmat Endorsement Training (CDL),Logistics & Transportation,Workforce Development,Truck drivers seeking higher pay
LOG_FREIGHT_LM_390,Fulfillment Center for Kickstarter Campaigns,Logistics & Transportation,Warehousing & Fulfillment,Hardware startups launching new products
LOG_TECH_VIS_391,Container Tracking & Visibility Platform,Logistics & Transportation,Supply Chain Technology,Importers dealing with port congestion
LOG_TECH_VIS_392,Automated Freight Audit & Pay (FAP),Logistics & Transportation,Supply Chain Technology,Shippers with complex LTL and Parcel invoices
LOG_TECH_VIS_393,Drayage Truck Appointment Scheduling Optimization,Logistics & Transportation,Supply Chain Technology,Port terminal operators and drayage carriers
LOG_TECH_VIS_394,Route Optimization for School Buses,Logistics & Transportation,Passenger Transport,School district transportation directors
LOG_TECH_VIS_395,Non-Emergency Medical Transportation (NEMT) Software,Logistics & Transportation,Passenger Transport,Medicaid transportation brokers
LOG_TECH_VIS_396,Pallet Recycling & Buyback Network,Logistics & Transportation,Warehousing & Fulfillment,Warehouse managers with surplus pallets
LOG_TECH_VIS_397,Courier Insurance On-Demand (Per Delivery),Logistics & Transportation,Insurtech,Gig economy delivery drivers
LOG_TECH_VIS_398,Automated Parcel Dimensioning & Weighing Systems,Logistics & Transportation,Warehousing & Fulfillment,High-volume e-commerce fulfillment centers
LOG_TECH_VIS_399,Air Cargo Charter Broker for Urgent Freight,Logistics & Transportation,Freight & Cargo,Automotive and aerospace supply chain managers
LOG_TECH_VIS_400,Warehouse Labor Management System (LMS) Consultant,Logistics & Transportation,Warehousing & Fulfillment,3PL Operations Managers
MEDIA_CRT_NEW_401,Newsletter for Chief Procurement Officers,Media & Publishing,Digital Media & Newsletters,Fortune 500 Supply Chain Executives
MEDIA_CRT_NEW_402,Data Journalism for Climate Migration,Media & Publishing,Digital Media & Newsletters,Policymakers and climate researchers
MEDIA_CRT_NEW_403,Niche Podcast: Orthopedic Surgeon Interviews,Media & Publishing,Audio & Podcasting,Medical device sales reps and surgeons
MEDIA_CRT_NEW_404,Children's Storytime YouTube Channel (Sensory Friendly),Media & Publishing,Video Content,Parents of children with sensory processing needs
MEDIA_CRT_NEW_405,Micro-Influencer Agency for DTC Pet Brands,Media & Publishing,Influencer & Creator Economy,Dog and cat product startups
MEDIA_CRT_NEW_406,Ghostwriting for VC Thought Leadership,Media & Publishing,Content Creation,Venture Capitalists seeking deal flow
MEDIA_CRT_NEW_407,Licensing Agent for Board Game IP,Media & Publishing,Intellectual Property,Independent game designers
MEDIA_CRT_NEW_408,Self-Publishing Book Formatter for KDP,Media & Publishing,Books & Publishing,First-time fiction authors
MEDIA_CRT_NEW_409,Local Hyperlocal News Aggregator (WhatsApp Channel),Media & Publishing,Digital Media & Newsletters,Suburban parents
MEDIA_CRT_NEW_410,Video Editing for Realtor Property Tours,Media & Publishing,Video Content,Top-producing real estate agents
HR_REC_SPEC_411,Executive Search for Chief Sustainability Officers,HR & Staffing,Recruitment & Placement,F500 companies and REITs
HR_REC_SPEC_412,Offshore Talent Sourcing for US Accounting Firms,HR & Staffing,Recruitment & Placement,Small to mid-size CPA firms (shortage crisis)
HR_REC_SPEC_413,Travel Nurse Housing & Credentialing Concierge,HR & Staffing,Healthcare Staffing,Travel RNs on 13-week assignments
HR_REC_SPEC_414,Diversity Pipeline Program for Asset Management,HR & Staffing,Recruitment & Placement,Undergraduate students of color interested in finance
HR_REC_SPEC_415,Gig Worker Onboarding & Background Checks,HR & Staffing,HR Tech & Compliance,On-demand delivery platforms
HR_REC_SPEC_416,Outplacement Services for Laid-Off Tech Workers,HR & Staffing,Career Transition,HR leaders managing RIFs
HR_REC_SPEC_417,Family Office Household Staff Recruitment,HR & Staffing,Recruitment & Placement,Ultra-high-net-worth families
HR_REC_SPEC_418,Union Labor Relations Consulting,HR & Staffing,HR Compliance,Manufacturing plant managers
HR_REC_SPEC_419,Seasonal H-2B Visa Worker Logistics,HR & Staffing,Recruitment & Placement,Landscaping and hospitality businesses
HR_REC_SPEC_420,Pay Equity Analysis & Remediation,HR & Staffing,HR Compliance,Corporate HR and Legal teams
NICHE_ID,Niche Name,Sector,Sub-sector,Target Audience
FIN_LEND_DEEP_421,Probate Advance & Inheritance Lending,Financials,Specialty Lending,Beneficiaries waiting for estate settlement (9-12 mo liquidity gap)
FIN_LEND_DEEP_422,SBA 7(a) Loan Packaging for Car Washes,Financials,Specialty Lending,Immigrant entrepreneurs buying existing car washes
FIN_LEND_DEEP_423,Franchise Resale Marketplace Financing,Financials,Specialty Lending,Operators buying existing McDonald's/Subway units from retirees
FIN_INS_NICHE_424,Directors & Officers (D&O) Insurance for DeFi Protocols,Financials,Insurance,Crypto protocol foundations and DAOs
FIN_INS_NICHE_425,Wildfire Smoke Taint Coverage for Wineries,Financials,Insurance,Napa and Willamette Valley winemakers
FIN_INS_NICHE_426,Active Shooter Liability Insurance for Schools,Financials,Insurance,Private K-12 school business managers
FIN_INS_NICHE_427,Professional Liability for Lactation Consultants,Financials,Insurance,IBCLC Certified Consultants
FIN_INS_NICHE_428,Excess & Surplus Lines for Cannabis Dispensary Theft,Financials,Insurance,Retail dispensary owners in cash-heavy states
FIN_WEALTH_NEW_429,Cross-Border Estate Planning for NRI (Non-Resident Indians),Financials,Wealth Management,Indian tech workers in US with assets in Mumbai/Delhi
FIN_WEALTH_NEW_430,Qualified Small Business Stock (QSBS) Stacking Advisory,Financials,Wealth Management,Founders exiting startups (10x capital gains exclusion)
FIN_WEALTH_NEW_431,Family Office Services for Lottery Winners,Financials,Wealth Management,Sudden wealth recipients ($10M+ lump sum)
FIN_WEALTH_NEW_432,Closely Held Business Valuation for Divorce,Financials,Wealth Management,Spouses of S-Corp plumbing/HVAC business owners
TECH_AI_AGENT_433,AI SDR (Sales Development Rep) Voice Agent,Technology,AI Agent Workforce,Revenue Operations VPs replacing BDR headcount
TECH_AI_AGENT_434,AI Paralegal for Document Review & Redaction,Technology,AI Agent Workforce,In-house legal teams preparing for litigation holds
TECH_AI_AGENT_435,AI Fund Accountant for Private Equity Waterfalls,Technology,AI Agent Workforce,PE fund administrators and CFOs
TECH_AI_AGENT_436,Automated Prior Authorization Appeals Bot,Technology,AI Agent Workforce,Revenue Cycle Managers in large medical groups
TECH_AI_AGENT_437,Construction Submittal & RFI Logging AI,Technology,AI Agent Workforce,Project Engineers and MEP Coordinators
TECH_AI_AGENT_438,AI Draft Pick Analyst for Daily Fantasy Sports,Technology,AI & Machine Learning,DFS high-volume players (DraftKings/FanDuel)
TECH_CLOUD_SPEC_439,Mainframe to AWS Migration Specialist (AS/400),Technology,Legacy Modernization,Regional banks and insurance companies running COBOL
TECH_CLOUD_SPEC_440,GPU Cluster as a Service for Fine-Tuning LLMs,Technology,Infrastructure,AI Researchers with Hugging Face models
TECH_CLOUD_SPEC_441,FinOps for Kubernetes (K8s Cost Optimization),Technology,DevOps,Platform teams overspending on EKS/GKE/AKS
TECH_PRIVACY_442,Biometric Data Compliance for Gyms (Fingerprint Scanners),Technology,Compliance & Legal,Health club owners in Illinois (BIPA) and Texas
TECH_PRIVACY_443,Do Not Sell My Info (DNSMI) Opt-Out Automation,Technology,Compliance & Legal,E-commerce CMOs under CPRA scrutiny
TECH_PRIVACY_444,Ad Tech Consent Management Platform (CMP) for EU Traffic,Technology,Compliance & Legal,Publishers monetizing European visitors
ECOM_NICHE_445,Refurbished Starlink Equipment Reseller,Commerce,E-commerce Niche,Off-grid users and global cruisers in remote regions
ECOM_NICHE_446,Discontinued Wallpaper & Fabric Finder Service,Commerce,Home & Furniture,Interior designers matching existing historic decor
ECOM_NICHE_447,Prosthetic Leg Cover & Fairing Designer (Cosmesis),Commerce,Medical & Adaptive,Amputees seeking customized limb aesthetics
ECOM_NICHE_448,Japanese Import JDM Car Parts Broker,Commerce,Automotive Parts,Enthusiasts of R34 Skylines and 90s Supras
ECOM_NICHE_449,Gluten-Free Communion Wafer Supplier,Commerce,Religious Supplies,Churches accommodating celiac parishioners
ECOM_NICHE_450,Expired Domain Name Brokerage & Auction,Commerce,Digital Assets,SaaS companies seeking SEO link juice
ECOM_NICHE_451,Refurbished Robot Vacuum Parts (Brushes/Filters),Commerce,Home Appliances Parts,Owners of aging Roombas/Roborocks
ECOM_NICHE_452,Custom Motorcycle Helmet Paint & Airbrush,Commerce,Automotive Parts,Bikers and track day riders
ECOM_NICHE_453,Quiet Drum Cymbals & Mesh Heads for Apartments,Commerce,Musical Instruments,Urban drummers avoiding noise complaints
ECOM_NICHE_454,Lab Grown Meat for Pet Food (Cultivated Chicken),Commerce,Pet Care,Early adopter pet owners concerned about slaughterhouse welfare
HEALTH_MED_COMP_455,Ambulatory Surgery Center (ASC) Coding & Billing,Healthcare,Revenue Cycle Management,Orthopedic surgeons moving cases out of hospital
HEALTH_MED_COMP_456,Concierge Medicine for Professional Gamers,Healthcare,Specialty Practice,Esports athletes with wrist/hand RSI injuries
HEALTH_MED_COMP_457,IV Hydration Clinic Franchise (Hangover Cure),Healthcare,Retail Health,Young professionals in nightlife districts
HEALTH_MED_COMP_458,Transcranial Magnetic Stimulation (TMS) Center,Healthcare,Mental Health,Patients with treatment-resistant depression
HEALTH_MED_COMP_459,Medicare Set-Aside (MSA) Allocation Consulting,Healthcare,Workers Comp & Legal,Attorneys settling workers comp claims
HEALTH_MED_COMP_460,CRISPR Carrier Screening for Genetic Disease,Healthcare,Fertility & Genomics,Ashkenazi Jewish couples planning pregnancy
HEALTH_MED_COMP_461,Stem Cell Banking for Equine Athletes,Healthcare,Veterinary Medicine,Racehorse and showjumping owners
HEALTH_MED_COMP_462,Long COVID Recovery & Pacing Clinic,Healthcare,Physical Therapy,Professionals with post-exertional malaise
HEALTH_MED_COMP_463,Remote Therapeutic Monitoring (RTM) for MSK,Healthcare,Digital Health,Physical therapists seeking new CPT code revenue
RE_ALT_USE_464,Cell Tower Lease Buyout & Securitization Firm,Real Estate,Telecom Real Estate,Landowners with existing Verizon/AT&T ground leases
RE_ALT_USE_465,Data Center Site Selection & Power Procurement,Real Estate,Industrial Specialist,AI hyperscalers and crypto mining firms
RE_ALT_USE_466,Religious Facility Repurposing Consultant (Church to Lofts),Real Estate,Development,Urban developers acquiring closed houses of worship
RE_ALT_USE_467,Funeral Home & Cemetery Real Estate Broker,Real Estate,Specialty Brokerage,Private equity rolling up death care industry
RE_ALT_USE_468,Build-to-Rent (BTR) Single Family Community Operator,Real Estate,Investment Management,Institutional investors (Blackstone/Pretium)
RE_ALT_USE_469,Agricultural Conservation Easement Appraisal,Real Estate,Appraisal & Consulting,Ranchers seeking tax credits for preserving open space
RE_ALT_USE_470,Movie Production Location Scout & Permit Liaison,Real Estate,Specialty Use,Location managers for film/TV shoots
EDU_ADULT_ENR_471,Post-Retirement Encore Career Coaching (65+),Education,Adult & Continuing Education,Retired executives seeking board seats or nonprofit work
EDU_ADULT_ENR_472,Blue Collar to Tech Transition Bootcamp,Education,Vocational & Trade,Oil field workers and truckers learning cloud support
EDU_ADULT_ENR_473,Flower Farming & Floral Design Workshop Business,Education,Creative & Hobbyist,Hobby gardeners seeking commercial micro-farm revenue
EDU_ADULT_ENR_474,Legal Document Preparer Certification (LLC/Divorce),Education,Vocational & Trade,Paralegals seeking independent side business
EDU_ADULT_ENR_475,Cultural Competency Training for Expatriates Moving to Japan,Education,Corporate Training,Executives relocating to Tokyo/Osaka
EDU_SPEC_NEEDS_476,Assistive Technology Training for Low Vision Seniors,Education,Special Education & Therapy,Adult children helping parents use iPhones/iPads
EDU_SPEC_NEEDS_477,Social Skills Group Facilitation for Autistic Adults,Education,Special Education & Therapy,Autistic adults seeking employment social navigation
EDU_SPEC_NEEDS_478,Orton-Gillingham Training for General Ed Teachers,Education,Professional Development,Elementary teachers with struggling readers
PROF_SPEC_SVC_479,Expert Witness Sourcing for Construction Defect Litigation,Professional Services,Expert Networks & Testimony,Construction litigation attorneys
PROF_SPEC_SVC_480,Prevailing Wage & Davis-Bacon Compliance Audit,Professional Services,Compliance & Regulatory,Contractors working on federal infrastructure projects
PROF_SPEC_SVC_481,Medical Practice Management for Direct Primary Care (DPC),Professional Services,Healthcare Consulting,Physicians leaving insurance-based model
PROF_SPEC_SVC_482,Frac Sand Logistics & Rail Sourcing Consultant,Professional Services,Oil & Gas Consulting,Oilfield service companies in the Permian
PROF_SPEC_SVC_483,State & Local Tax (SALT) Nexus Study for Remote Workers,Professional Services,Accounting & Tax,CFOs of remote-first SMBs with employees in multiple states
PROF_SPEC_SVC_484,Lobbying for Psychedelic Medicine Legalization (State Level),Professional Services,Government Relations,Therapists and MAPS-affiliated non-profits
PROF_SPEC_SVC_485,Interior Design Rendering for Courtroom Exhibits,Professional Services,Legal Graphics,Personal injury and medical malpractice lawyers
MANUF_AERO_DEF_486,ITAR Registered 3D Printing Service Bureau,Manufacturing,Additive Manufacturing,Defense contractors needing rapid prototyping
MANUF_AERO_DEF_487,Electropolishing for Medical Implants,Manufacturing,Surface Finishing,Orthopedic device manufacturers (hips/knees)
MANUF_AERO_DEF_488,Small Batch Metal Casting for Sculptors,Manufacturing,Foundry & Casting,Fine art sculptors and jewelry designers
MANUF_AERO_DEF_489,Controlled Environment Room Panel Fabrication,Manufacturing,Modular Construction,Pharma cleanroom and indoor farm builders
MANUF_AERO_DEF_490,Wire Harness Assembly for Agricultural Equipment,Manufacturing,Electrical Components,Tractor and combine OEMs
RETAIL_POP_UP_491,Seasonal Halloween Superstore Real Estate Scout,Retail,Pop-Up & Temporary Retail,Spirit Halloween corporate real estate
RETAIL_POP_UP_492,Antique Mall Booth Management & Staging Service,Retail,Service to Retailers,Booth renters in antique malls who live out of town
RETAIL_POP_UP_493,Luxury Consignment for Plus Size Fashion,Retail,Apparel Resale,Size 14+ women seeking high-end designer labels
RETAIL_POP_UP_494,Smart Repair for Vinyl Siding & Gutters,Retail,Home Services,Homeowners with minor storm damage (avoiding insurance claims)
RETAIL_POP_UP_495,Commercial Espresso Machine Technician,Retail,Equipment Service,Coffee shop owners with La Marzocco/Slayer machines
HOSP_NICHE_496,Alpine Refuge & Mountain Hut Management,Travel,Hospitality Management,Hikers and backcountry skiers in the Alps/Rockies
HOSP_NICHE_497,Wedding Content Creator (Vertical Video),Travel,Wedding & Events,Gen Z brides wanting TikTok/Reels footage
HOSP_NICHE_498,Custom Van Conversion Rental Fleet,Travel,Vehicle Rental,Van-lifers wanting to try before building/buying
HOSP_NICHE_499,Travel Agency for Parents with Autistic Children,Travel,Special Needs Travel,Families requiring sensory-friendly resorts and quiet boarding
HOSP_NICHE_500,Underground Supper Club Membership Network,Travel,Food & Beverage Experience,Foodies seeking secret chef tables and community
AGRI_AQUA_NEW_501,Recirculating Aquaculture System (RAS) Shrimp Farm,Agriculture,Aquaculture,Sushi restaurants seeking fresh never-frozen shrimp
AGRI_AQUA_NEW_502,Kelp & Seaweed Farming for Biostimulants,Agriculture,Regenerative Ocean Farming,Organic row crop farmers replacing synthetic fertilizer
AGRI_AQUA_NEW_503,Mobile Poultry Processing Unit (MPPU) Rental,Agriculture,Meat Processing,Small pasture-raised poultry farmers
AGRI_AQUA_NEW_504,Grazing Management Plan Writing for NRCS Grants,Agriculture,Government Contracting,Ranchers applying for EQIP funding
AGRI_AQUA_NEW_505,Fig Tree Nursery & Propagation Specialist,Agriculture,Specialty Fruit,Backyard gardeners in Mediterranean climates (Zone 8-10)
ENR_EFF_NEW_506,Commercial LED Retrofit Rebate Aggregator,Energy & Utilities,Energy Efficiency,Small commercial building owners
ENR_EFF_NEW_507,Refrigerant Transition Management (R-22 Phaseout),Energy & Utilities,HVAC & Refrigeration,Facility managers with legacy cooling systems
ENR_EFF_NEW_508,Virtual Power Plant (VPP) Aggregator for Home Batteries,Energy & Utilities,Grid Services,Tesla Powerwall and Enphase owners
ENR_EFF_NEW_509,Power Purchase Agreement (PPA) Legal Counsel for Data Centers,Energy & Utilities,Renewable Energy Legal,Tech companies procuring 24/7 carbon-free energy
ENR_EFF_NEW_510,Biogas Upgrading Skid Manufacturing (RNG),Energy & Utilities,Renewable Natural Gas,Dairy farms and landfill operators
LOG_SPEC_COLD_511,Cryogenic Frozen Embryo Transport Logistics,Logistics & Transportation,Specialty Courier,Fertility clinics and IVF patients
LOG_SPEC_COLD_512,Final Mile White Glove Medical Device Installation,Logistics & Transportation,Specialty Delivery,MRI and CT scanner manufacturers
LOG_SPEC_COLD_513,Less-than-Truckload (LTL) Consolidation for Lumber Shippers,Logistics & Transportation,Freight Brokerage,Building material suppliers and lumber yards
LOG_SPEC_COLD_514,U.S. Customs Bonded Carrier (Immediate Delivery),Logistics & Transportation,Cross-Border Trucking,Mexican maquiladora manufacturers
LOG_SPEC_COLD_515,Reefer Trailer Pre-Cooling & Washout Service,Logistics & Transportation,Asset Maintenance,Owner-operators hauling produce from California
MEDIA_COM_LOCAL_516,Business Journal for Secondary Market (e.g., BoiseDev),Media & Publishing,Local Media & News,Local business owners and commercial real estate pros
MEDIA_COM_LOCAL_517,Sponsorship Sales Agency for School Districts,Media & Publishing,Sponsorship & Advertising,High school athletic directors seeking field/stadium naming rights
MEDIA_COM_LOCAL_518,AI Voice Cloning for Audiobook Narrators,Media & Publishing,Audio Production,Independent authors producing long-tail content
MEDIA_COM_LOCAL_519,Fan Fiction to Screenplay Legal Adaptation Service,Media & Publishing,Legal Services for Creators,Writers with large Wattpad/AO3 followings
MEDIA_COM_LOCAL_520,Community Management for Web3 Gaming Guilds,Media & Publishing,Community & Social,Scholarship managers in Axie Infinity/Pixels
HR_SPEC_REC_521,Off-Duty Police Officer Security Staffing (Coordinator),HR & Staffing,Specialized Staffing,Retail loss prevention and HOA security
HR_SPEC_REC_522,Trade School Graduate Placement for Welding,HR & Staffing,Skilled Trades Staffing,Manufacturing plants facing skilled labor shortage
HR_SPEC_REC_523,Merchant Mariner Credential (MMC) Processing Service,HR & Staffing,Maritime Staffing,Aspiring deckhands and tugboat crew
HR_SPEC_REC_524,Immigration Sponsorship Management for Country Clubs,HR & Staffing,H-2B Visa Management,Private golf clubs needing seasonal grounds crew
HR_SPEC_REC_525,Fractional Chief People Officer for Series A Startups,HR & Staffing,Consulting,Founders building their first executive team
GOV_CON_DEEP_526,SAM.gov Registration & UEI Number Management,Government,Contracting Support,Small businesses selling to federal government
GOV_CON_DEEP_527,SWaP-C Optimization Consultant for Defense Primes,Government,Defense Industrial Base,Engineers reducing Size, Weight, and Power on military hardware
GOV_CON_DEEP_528,Public-Private Partnership (P3) Advisory for Toll Roads,Government,Infrastructure Finance,State Departments of Transportation
GOV_CON_DEEP_529,Ballot Initiative Signature Gathering Management,Government,Political Consulting,Issue advocacy groups and PACs
GOV_CON_DEEP_530,Tribal 8(a) Joint Venture Formation,Government,Native American Economic Dev,ANC and Tribal corporations
CONSTRUCT_DEEP_531,Shotcrete & Gunite Application for Pools,Construction,Specialty Concrete,High-end residential pool builders
CONSTRUCT_DEEP_532,Historic Window Restoration & Sash Cord Repair,Construction,Preservation Trades,Owners of pre-war homes and landmarks
CONSTRUCT_DEEP_533,Radon Mitigation System Installer (Licensed),Construction,Environmental Remediation,Home sellers and buyers in Zone 1 radon areas
CONSTRUCT_DEEP_534,Scaffolding Erectors for Bridge Painting,Construction,Industrial Access,Heavy civil painting contractors
CONSTRUCT_DEEP_535,Building Envelope Commissioning (BECx) Agent,Construction,Engineering & Testing,Architects specifying high-performance curtain walls
ARTS_DEEP_536,Private Art Storage & Vault Management (CFTC Freeport),Arts & Culture,Art Services,Collectors avoiding sales tax on high-value art
ARTS_DEEP_537,Museum Exhibition Lighting Designer,Arts & Culture,Design & Curation,Curators concerned with light damage to textiles
ARTS_DEEP_538,Prop Maker for Escape Rooms & Immersive Theater,Arts & Culture,Fabrication,Entertainment venue operators
ARTS_DEEP_539,Custom Framing for Sports Memorabilia (Jerseys/Bats),Arts & Culture,Fine Art Services,Sports collectors with signed game-used items
ARTS_DEEP_540,Music Therapy Program for Hospice,Arts & Culture,Therapeutic Arts,Hospice medical directors seeking non-pharma pain relief